﻿{
  "DashboardWidgets": [
  {
    "Widget": {
      "id": "TotalDeviceCount",
      "Name": "Total devices",
      "progress": false,
      "class": "green-bg",
      "chart": "null"
      
    }
  },
  {
    "Widget": {
      "id": "UpdatedDeviceCount",
      "Name": "Updated devices",
      "progress": true,
      "class": "purple-bg",
      "chart": "null"
      
    }
  },
  {
    "Widget": {
      "id": "ReportedDeviceCount",
      "Name": "Lost devices",
      "progress": true,
      "class": "purple-bg",
      "chart": "null"
      
    }
  },
  {
    "Widget": {
      "id": "LostDeviceCount",
      "Name": "Device reported last week",
      "progress": true,
      "class": "gray-bg",
      "chart": "null"
      
    }
  },
 
 {

    "Widget": {
      "id": "ALERT_CHART",
      "Name": "ALERT CHART",
      "chart": {
        "type": "lineChart",
        "drill": "true",
        "dataFeilds": {
          "XField": "EventReceivedDate",
          "YFields": {
            "YField": [ 
						{"fieldName":"HighAlertCount","fieldText":"High Alert","color": "#ED0C0C"},
						{"fieldName":"LowAlertCount","fieldText":"Low Alert","color": "#FFFF33"},
						{"fieldName":"MediumAlertCount","fieldText":"Medium Alert","color": "#ED800C"}
						
		            ]
          }
        },
        "APIDetails": {
          "Name": "GetWidgetById",
          "params": {
            "token": "token",
            "Identifier": "ALERT_CHART"
          },
          "Response": {
            "widgetid": "#id",
            "array": {
              "Object": [
						  { 
						  "Date": "11-01-2015", 
						  "contentReplacedFailedCount": "0", 
						  "contentReplacedCount": "25", 
						  "downloadFailedCount": "15", 
						  "downloadStartedCount": "20",
						  "downloadSuccessfulCount": "0", 
						  "installFailedCount": "0", 
						  "installSuccessfulCount": "0",
						  "scheduledSentCount": "0" 
							}
				]
            }
          }
        },
        "DrilDownChart": {
          "id": "alert",
          "Name": "Alerts",
          "type": "pieChart",
		   "colorArr":{"color":["#ED0C0C", "#FFFF33", "#ED800C", "#f7931e", "#fbb03b"]},
          "drill": "true",
          "APIDetails": {
            "Name": "GetDashboardDetailedData",
            "params": {
              "token": "token",
              "widgetid": "#id",
              "Object": {
						
						}
            },
            "Response": {
              "widgetid": "#id",
              "array": {
                "Object": [
							{
							"Name":"contentReplacedFailedCount",
							"count":10
							}
						 ]
              }
            }
          }
        }
      },
      "GridDetails": {
        "APIDetails": {
          "Name": "getAlertsGridData",
          "params": {
            "param1": "token",
            "reportType": "Monthly",
            "param2": "searchObject"
          }
        },
        "Columns": {
          "column": [
            {
              "datafeild": "type",
              "lable": "AlrtType",
              "width": "200",
              "filterType": "default"
            },
            {
              "datafeild": "name",
              "lable": "alertName",
              "width": "200",
              "filterType": "none"
            }
          ]
        }
      }
    }
  },
{
    "Widget": {
      "id": "DOWNLOAD_CHART",
      "Name": "DOWNLOAD CHART",
      "chart": {
        "type": "stackbarChart",
        "drill": "false",
        "dataFeilds": {
          "XField": "Date",
          "YFields": {
            "YField": [
              {
                "fieldName": "ContentReplacedCount",
                "fieldText": "Content Replaced",
                "color": "#009933"
              },
              {
                "fieldName": "ContentReplaceFailedCount",
                "fieldText": "Content Replace Failed",
                "color": "#ff8080"
              },
              {
                "fieldName": "DownloadFailedCount",
                "fieldText": "Download Failed",
                "color": "#cc0000"
              },
              {
                "fieldName": "DownloadStartedCount",
                "fieldText": "Download Started",
                "color": "#008ED1"
              },
              {
                "fieldName": "DownloadSuccessfulCount",
                "fieldText": "Download Successful",
                "color": "#01ff55"
              },
              {
                "fieldName": "InstallFailedCount",
                "fieldText": "Install Failed",
                "color": "#FF4d4d"
              },
              {
                "fieldName": "InstallSuccessfulCount",
                "fieldText": "Install Successful",
                "color": "#006622"
              },
              {
                "fieldName": "ScheduledCount",
                "fieldText": "Scheduled",
                "color": "#A600E8"
              },
              {
                "fieldName": "ScheduleSentCount",
                "fieldText": "Schedule Sent",
                "color": "#F241C6"
              },
              {
                "fieldName": "ScheduleConfirmedCount",
                "fieldText": "Schedule Confirmed",
                "color": "#159DC4"
              },
              {
                "fieldName": "FailedCount",
                "fieldText": "Failed",
                "color": "#ff1a1a"
              },
              {
                "fieldName": "SchedulingCount",
                "fieldText": "Scheduling",
                "color": "#F241C6"
              }
            ]
          }
        },
        "APIDetails": {
          "Name": "GetWidgetById",
          "params": {
            "token": "token",
            "Identifier": "DOWNLOAD_CHART"
          },
          "Response": {
            "widgetid": "#id",
            "array": {
              "Object": {
                
              }
            }
          }
        },
        "DrilDownChart": {
          "id": "alert",
          "Name": "Alerts",
          "type": "stackbarChart",
		  "colorArr":{"color":["#ED0C0C", "#FFFF33", "#ED800C", "#f7931e", "#fbb03b"]},
          "drill": "false",
          "APIDetails": {
            "Name": "GetDashboardDetailedData",
            "params": {
              "token": "token",
              "widgetid": "#id",
              "Object": {
                
              }
            },
            "Response": {
              "widgetid": "#id",
              "array": {
                "Object": { "count": " " }
              }
            }
          }
        }
      },
      "GridDetails": {
        "APIDetails": {
          "Name": "getAlertsGridData",
          "params": {
            "param1": "token",
            "reportType": "Monthly",
            "param2": "searchObject"
          }
        },
        "Columns": {
          "column": [
            {
              "datafeild": "type",
              "lable": "AlrtType",
              "width": "200",
              "filterType": "default"
            },
            {
              "datafeild": "name",
              "lable": "alertName",
              "width": "200",
              "filterType": "none"
            }
          ]
        }
      }
    }
  },
  {
    "Widget": {
      "id": "REPORT_CHART",
      "Name": "REPORT CHART",
      "chart": {
        "type": "barChart",
        "drill": "true",
        "dataFeilds": {
          "XField": "Date",
          "YFields": {
            "YField": "DeviceCount"
          }
        },
        "APIDetails": {
          "Name": "GetWidgetById",
          "params": {
            "token": "token",
            "Identifier": "REPORT_CHART"
          },
          "Response": {
            "widgetid": "#id",
            "array": {
              "Object": {
                
              }
            }
          }
        },
        "DrilDownChart": {
          "id": "alert",
          "Name": "Alerts",
          "type": "pieChart",
		  "colorArr":{"color":["#ED0C0C", "#FFFF33", "#ED800C", "#f7931e", "#fbb03b"]},
          "drill": "false",
          "APIDetails": {
            "Name": "GetDashboardDetailedData",
            "params": {
              "token": "token",
              "widgetid": "#id",
              "Object": {
                
              }
            },
            "Response": {
              "widgetid": "#id",
              "array": {
                "Object": { "count": " " }
              }
            }
          }
        }
      },
      "GridDetails": {
        "APIDetails": {
          "Name": "getAlertsGridData",
          "params": {
            "param1": "token",
            "reportType": "Monthly",
            "param2": "searchObject"
          }
        },
        "Columns": {
          "column": [
            {
              "datafeild": "type",
              "lable": "AlrtType",
              "width": "200",
              "filterType": "default"
            },
            {
              "datafeild": "name",
              "lable": "alertName",
              "width": "200",
              "filterType": "none"
            }
          ]
        }
      }
    }
  },
  
  {
    "Widget": {
      "id": "DEVICES_BY_MODEL",
      "Name": "DEVICES BY MODEL",
      "chart": {
        "type": "donutChart",
        "drill": "true",
        "dataFeilds": {
          "XField": "Name",
          "YFields": {
            "YField": "Count"
          }
        },
        "APIDetails": {
          "Name": "GetWidgetById",
          "params": {
            "token": "token",
            "Identifier": "DEVICES_BY_MODEL"
          },
          "Response": {
            "widgetid": "#id",
            "array": {
              "Object": {
                
              }
            }
          }
        },
        "DrilDownChart": {
          "id": "alert",
          "Name": "Alerts",
          "type": "pieChart",
		  "colorArr":{"color":["#ED0C0C", "#FFFF33", "#ED800C", "#f7931e", "#fbb03b"]},
          "drill": "false",
          "APIDetails": {
            "Name": "GetDashboardDetailedData",
            "params": {
              "token": "token",
              "widgetid": "#id",
              "Object": {
                
              }
            },
            "Response": {
              "widgetid": "#id",
              "array": {
                "Object": { "count": " " }
              }
            }
          }
        }
      },
      "GridDetails": {
        "APIDetails": {
          "Name": "getAlertsGridData",
          "params": {
            "param1": "token",
            "reportType": "Monthly",
            "param2": "searchObject"
          }
        },
        "Columns": {
          "column": [
            {
              "datafeild": "type",
              "lable": "AlrtType",
              "width": "200",
              "filterType": "default"
            },
            {
              "datafeild": "name",
              "lable": "alertName",
              "width": "200",
              "filterType": "none"
            }
          ]
        }
      }
    }
  },
  {
    "Widget": {
      "id": "DEVICE_BY_STATUS",
      "Name": "DEVICE BY STATUS",
      "chart": {
        "type": "barChart",
        "drill": "true",
        "dataFeilds": {
          "XField": "Name",
          "YFields": {
            "YField": "Count"
          }
        },
        "APIDetails": {
          "Name": "GetWidgetById",
          "params": {
            "token": "token",
            "Identifier": "DEVICE_BY_STATUS"
          },
          "Response": {
            "widgetid": "#id",
            "array": {
              "Object": {
                
              }
            }
          }
        },
        "DrilDownChart": {
          "id": "alert",
          "Name": "Alerts",
          "type": "pieChart",
		  "colorArr":{"color":["#ED0C0C", "#FFFF33", "#ED800C", "#f7931e", "#fbb03b"]},
          "drill": "false",
          "APIDetails": {
            "Name": "GetDashboardDetailedData",
            "params": {
              "token": "token",
              "widgetid": "#id",
              "Object": {
                
              }
            },
            "Response": {
              "widgetid": "#id",
              "array": {
                "Object": { "count": " " }
              }
            }
          }
        }
      },
      "GridDetails": {
        "APIDetails": {
          "Name": "getAlertsGridData",
          "params": {
            "param1": "token",
            "reportType": "Monthly",
            "param2": "searchObject"
          }
        },
        "Columns": {
          "column": [
            {
              "datafeild": "type",
              "lable": "AlrtType",
              "width": "200",
              "filterType": "default"
            },
            {
              "datafeild": "name",
              "lable": "alertName",
              "width": "200",
              "filterType": "none"
            }
          ]
        }
      }
    }
  },
  {
    "Widget": {
      "id": "DEVICE_BY_MEDIA",
      "Name": "DEVICE BY MEDIA",
      "chart": {
        "type": "barChart",
        "drill": "true",
        "dataFeilds": {
          "XField": "Name",
          "YFields": {
            "YField": "Count"
          }
        },
        "APIDetails": {
          "Name": "GetWidgetById",
          "params": {
            "token": "token",
            "Identifier": "DEVICE_BY_MEDIA"
          },
          "Response": {
            "widgetid": "#id",
            "array": {
              "Object": {
                
              }
            }
          }
        },
        "DrilDownChart": {
          "id": "alert",
          "Name": "Alerts",
          "type": "pieChart",
		  "colorArr":{"color":["#ED0C0C", "#FFFF33", "#ED800C", "#f7931e", "#fbb03b"]},
          "drill": "false",
          "APIDetails": {
            "Name": "GetDashboardDetailedData",
            "params": {
              "token": "token",
              "widgetid": "#id",
              "Object": {
                
              }
            },
            "Response": {
              "widgetid": "#id",
              "array": {
                "Object": { "count": " " }
              }
            }
          }
        }
      },
      "GridDetails": {
        "APIDetails": {
          "Name": "getAlertsGridData",
          "params": {
            "param1": "token",
            "reportType": "Monthly",
            "param2": "searchObject"
          }
        },
        "Columns": {
          "column": [
            {
              "datafeild": "type",
              "lable": "AlrtType",
              "width": "200",
              "filterType": "default"
            },
            {
              "datafeild": "name",
              "lable": "alertName",
              "width": "200",
              "filterType": "none"
            }
          ]
        }
      }
    }
  }]
}