[
	{
		"id": "vhq",
		"controlerId": "dashboard",
		"parentId": "verifone",
		"name": "dashboard",
		"icon": "icon-dashboard",
		"children": [],
		"Features": [
			"Device",
			"BasicAlerts",
			"AdvanceAlerts",
			"Manual Downloads"
		],
		"Rights": [
			"Reports_Charts",
			"Alerts"
		],
		"RightOperator": "OR"
	},
	{
		"id": "care",
		"controlerId": "dashboard",
		"parentId": "verifone",
		"name": "careDashBoard",
		"icon": "icon-care-dash-board",
		"children": [],
		"Features": [
			"Care"
		],
		"Rights": [
			"VerifoneCare"
		],
		"RightOperator": "OR"
	},
	{
		"id": "deviceSearch",
		"controlerId": "device",
		"parentId": "deviceSearch",
		"name": "deviceSearch",
		"icon": "icon-device-search-filter",
		"children": [],
		"Features": [
			"Device"
		],
		"Rights": [
			"Devices"
		],
		"RightOperator": "OR"
	},
	{
		"id": "deviceProfileLite",
		"controlerId": "device",
		"parentId": "deviceProfileLite",
		"name": "deviceProfileLite",
		"icon": "icon-device-profile",
		"children": [],
		"Features": [
			"Device"
		],
		"Rights": [
			"Devices"
		],
		"RightOperator": "OR"
	},
	{
		"id": "device",
		"controlerId": "device",
		"parentId": "device",
		"name": "device",
		"icon": "icon-device-managment",
		"children": [
			{
				"id": "manageDevices",
				"parentId": "device",
				"childParentId": "manageDevices",
				"controlerId": "device",
				"name": "manageDevices",
				"Subchild": [
					{
						"id": "addDevices",
						"parentId": "device",
						"childParentId": "manageDevices",
						"subChildParentId": "deletedDevices",
						"controlerId": "device",
						"name": "addDevices",
						"subChildChildern": [],
						"Features": [
							"Device"
						],
						"Rights": [
							"Devices"
						],
						"RightOperator": "AND"
					},
					{
						"id": "deletedDevices",
						"parentId": "device",
						"childParentId": "manageDevices",
						"subChildParentId": "deletedDevices",
						"controlerId": "device",
						"name": "deletedDevices",
						"subChildChildern": [],
						"Features": [
							"Device"
						],
						"Rights": [
							"Devices"
						],
						"RightOperator": "AND"
					}
				],
				"Features": [
					"Device"
				],
				"Rights": [
					"Devices"
				],
				"RightOperator": "OR"
			},
			{
				"id": "downloads",
				"controlerId": "downloads",
				"parentId": "device",
				"childParentId": "downloads",
				"name": "downloads",
				"Subchild": [
					{
						"id": "applicationsLibrary",
						"controlerId": "applicationsLibrary",
						"parentId": "device",
						"childParentId": "downloads",
						"subChildParentId": "applicationsLibrary",
						"name": "applicationsLibrary",
						"subChildChildern": [],
						"Features": [
							"Parameter"
						],
						"Rights": [
							"Download_Library"
						],
						"RightOperator": "AND"
					},
					{
						"id": "downloadLibrary",
						"controlerId": "downloadLibrary",
						"parentId": "device",
						"childParentId": "downloads",
						"subChildParentId": "downloadLibrary",
						"name": "downloadLibrary",
						"subChildChildern": [],
						"Features": [
							"Manual Downloads",
							"Auto Downloads"
						],
						"Rights": [
							"Download_Library"
						],
						"RightOperator": "AND"
					},
					{
						"id": "vrkBundleLibrary",
						"controlerId": "vrkBundleLibrary",
						"parentId": "device",
						"childParentId": "downloads",
						"subChildParentId": "vrkBundleLibrary",
						"name": "vrkBundleLibrary",
						"subChildChildern": [],
						"Features": [
							"Offline Key"
						],
						"Rights": [
							"VRK_Library"
						],
						"RightOperator": "AND"
					},
					{
						"id": "modelAddVRKBundle",
						"controlerId": "vrkBundleLibrary",
						"parentId": "device",
						"childParentId": "downloads",
						"subChildParentId": "modelAddVRKBundle",
						"name": "modelAddVRKBundle",
						"subChildChildern": [],
						"Features": [
							"Offline Key"
						],
						"Rights": [
							"VRK_Library"
						],
						"RightOperator": "AND"
					},
					{
						"id": "scheduleDownload",
						"controlerId": "downloadLibrary",
						"parentId": "device",
						"childParentId": "downloads",
						"subChildParentId": "schedule",
						"name": "scheduleDownload",
						"subChildChildern": [],
						"Features": [
							"Manual Downloads"
						],
						"Rights": [
							"Download_Library",
							"Download_Schedule"
						],
						"RightOperator": "AND"
					},
					{
						"id": "downloadJob",
						"controlerId": "downloadLibrary",
						"parentId": "device",
						"childParentId": "downloads",
						"subChildParentId": "downloadJob",
						"name": "downloadJob",
						"subChildChildern": [],
						"Features": [
							"Manual Downloads",
							"Auto Downloads"
						],
						"Rights": [
							"Download_Library"
						],
						"RightOperator": "AND"
					},
					{
						"id": "downloadDetail",
						"controlerId": "downloadLibrary",
						"parentId": "device",
						"childParentId": "downloads",
						"subChildParentId": "downloadDetail",
						"name": "downloadDetail",
						"subChildChildern": [],
						"Features": [
							"Manual Downloads",
							"Auto Downloads"
						],
						"Rights": [
							"Download_Library"
						],
						"RightOperator": "AND"
					},
					{
						"id": "vrkDownloadJob",
						"controlerId": "vrkBundleLibrary",
						"parentId": "device",
						"childParentId": "downloads",
						"subChildParentId": "vrkDownloadJob",
						"name": "vrkDownloadJob",
						"subChildChildern": [],
						"Features": [
							"Offline Key"
						],
						"Rights": [
							"VRK_Library"
						],
						"RightOperator": "AND"
					},
					{
						"id": "vrkDownloadDetail",
						"controlerId": "vrkBundleLibrary",
						"parentId": "device",
						"childParentId": "downloads",
						"subChildParentId": "vrkDownloadDetail",
						"name": "vrkDownloadDetail",
						"subChildChildern": [],
						"Features": [
							"Offline Key"
						],
						"Rights": [
							"VRK_Library"
						],
						"RightOperator": "AND"
					}
				],
				"Features": [
					"Parameter",
					"Manual Downloads",
					"Offline Key"
				],
				"Rights": [
					"Devices",
					"Download_Library",
					"Download_Schedule",
					"VRK_Library"
				],
				"RightOperator": "OR"
			},
			{
				"id": "manageRefernceSet",
				"controlerId": "referenceSets",
				"parentId": "device",
				"childParentId": "manageRefernceSet",
				"name": "manageRefernceSet",
				"Subchild": [
					{
						"id": "referenceSet",
						"controlerId": "referenceSets",
						"parentId": "device",
						"childParentId": "manageRefernceSet",
						"subChildParentId": "referenceSet",
						"name": "referenceSet",
						"subChildChildern": [],
						"Features": [
							"Basic Reference Set",
							"Auto Downloads"
						],
						"Rights": [
							"Download_Library"
						],
						"RightOperator": "AND"
					},
					{
						"id": "parentReferenceSet",
						"controlerId": "referenceSets",
						"parentId": "device",
						"childParentId": "manageRefernceSet",
						"subChildParentId": "parentReferenceSet",
						"name": "parentReferenceSet",
						"subChildChildern": [],
						"Features": [
							"Device Initiated Downloads"
						],
						"Rights": [
							"Advanced_Software_Management"
						],
						"RightOperator": "AND"
					},
					{
						"id": "hierarchyReference",
						"controlerId": "referenceSets",
						"parentId": "device",
						"childParentId": "manageRefernceSet",
						"subChildParentId": "hierarchyReference",
						"name": "hierarchyReference",
						"subChildChildern": [],
						"Features": [
							"Auto Downloads"
						],
						"Rights": [
							"Download_Library"
						],
						"RightOperator": "AND"
					},
					{
						"id": "deviceReference",
						"controlerId": "referenceSets",
						"parentId": "device",
						"childParentId": "manageRefernceSet",
						"subChildParentId": "deviceReference",
						"name": "deviceReference",
						"subChildChildern": [],
						"Features": [
							"Basic Reference Set",
							"Auto Downloads"
						],
						"Rights": [
							"Download_Library"
						],
						"RightOperator": "AND"
					}
				],
				"Features": [
					"Basic Reference Set",
					"Auto Downloads",
					"Device Initiated Downloads"
				],
				"Rights": [
					"Download_Library",
					"Advanced_Software_Management"
				],
				"RightOperator": "OR"
			},
			{
				"id": "alerts",
				"controlerId": "alerts",
				"parentId": "device",
				"childParentId": "alerts",
				"name": "alerts",
				"Subchild": [
					{
						"id": "alertsOpen",
						"controlerId": "alerts",
						"parentId": "device",
						"childParentId": "alerts",
						"subChildParentId": "alertsOpen",
						"name": "alertsOpen",
						"subChildChildern": [],
						"Features": [
							"BasicAlerts",
							"AdvanceAlerts"
						],
						"Rights": [
							"Alerts"
						],
						"RightOperator": "AND"
					},
					{
						"id": "alertsHistory",
						"controlerId": "alerts",
						"parentId": "device",
						"childParentId": "alerts",
						"subChildParentId": "alertsHistory",
						"name": "alertsHistory",
						"subChildChildern": [],
						"Features": [
							"BasicAlerts",
							"AdvanceAlerts"
						],
						"Rights": [
							"Alerts"
						],
						"RightOperator": "AND"
					}
				],
				"Features": [
					"BasicAlerts",
					"AdvanceAlerts"
				],
				"Rights": [
					"Alerts"
				],
				"RightOperator": "OR"
			},
			{
				"id": "charts",
				"controlerId": "devicecharts",
				"parentId": "device",
				"childParentId": "charts",
				"name": "charts",
				"Subchild": [
					{
						"id": "chartDownloadStatus",
						"controlerId": "deviceCharts",
						"parentId": "device",
						"childParentId": "charts",
						"subChildParentId": "chartDownloadStatus",
						"name": "chartDownloadStatus",
						"subChildChildern": [],
						"Features": [
							"Manual Downloads",
							"Auto Downloads"
						],
						"Rights": [
							"Reports_Charts"
						],
						"RightOperator": "AND"
					},
					{
						"id": "chartAlerts",
						"controlerId": "deviceCharts",
						"parentId": "device",
						"childParentId": "charts",
						"subChildParentId": "chartAlerts",
						"name": "chartAlerts",
						"subChildChildern": [],
						"Features": [
							"BasicAlerts",
							"AdvanceAlerts"
						],
						"Rights": [
							"Reports_Charts"
						],
						"RightOperator": "AND"
					}					
				],
				"Features": [
					"Manual Downloads",
					"BasicAlerts",
					"AdvanceAlerts",
					"Basic Diagnostics"
				],
				"Rights": [
					"Reports_Charts"
				],
				"RightOperator": "OR"
			},
			{
				"id": "diagnostics",
				"controlerId": "diagnostics",
				"parentId": "device",
				"childParentId": "diagnostics",
				"name": "diagnostics",
				"Subchild": [
					{
						"id": "scheduleActions",
						"controlerId": "downloadLibrary",
						"parentId": "device",
						"childParentId": "diagnostics",
						"subChildParentId": "schedule",
						"name": "scheduleActions",
						"subChildChildern": [],
						"Features": [
							"Basic Diagnostics"
						],
						"Rights": [
							"Diagnostic_Actions"
						],
						"RightOperator": "AND"
					},
					{
						"id": "actionStatus",
						"controlerId": "diagnostics",
						"parentId": "device",
						"childParentId": "diagnostics",
						"subChildParentId": "actionStatus",
						"name": "actionStatus",
						"subChildChildern": [],
						"Features": [
							"Basic Diagnostics"
						],
						"Rights": [
							"Diagnostic_Actions"
						],
						"RightOperator": "AND"
					},
					{
						"id": "diagnosticReport",
						"controlerId": "diagnostics",
						"parentId": "device",
						"childParentId": "diagnostics",
						"subChildParentId": "diagnosticReport",
						"name": "diagnosticReport",
						"subChildChildern": [],
						"Features": [
							"Basic Diagnostics"
						],
						"Rights": [
							"Reports_Charts"
						],
						"RightOperator": "AND"
					}
				],
				"Features": [
					"Basic Diagnostics"
				],
				"Rights": [
					"Diagnostic_Actions",
					"Reports_Charts"
				],
				"RightOperator": "OR"
			},
			{
				"id": "exports",
				"controlerId": "exports",
				"parentId": "device",
				"childParentId": "exports",
				"name": "exports",
				"Subchild": [],
				"Features": [
					"Any"
				],
				"Rights": [
					"Basic_Access"
				],
				"RightOperator": "OR"
			},
			{
				"id": "troubleShoot",
				"controlerId": "troubleShoot",
				"parentId": "device",
				"childParentId": "troubleShoot",
				"name": "troubleShoot",
				"Subchild": [],
				"Features": [
					"Any"
				],
				"Rights": [
					"Troubleshooting"
				],
				"RightOperator": "OR"
			}
		],
		"Features": [
			"Device"
		],
		"Rights": [
			"Basic_Access",
			"Devices",
			"Download_Library",
			"Download_Schedule",
			"VRK_Library",
			"Reports_Charts",
			"Alerts",
			"Advanced_Software_Management",
			"Troubleshooting"
		],
		"RightOperator": "OR"
	},
	{
		"id": "content",
		"controlerId": "contentLibrary",
		"parentId": "content",
		"name": "content",
		"icon": "icon-content-managment",
		"children": [
			{
				"id": "manageContents",
				"controlerId": "contentLibrary",
				"parentId": "content",
				"childParentId": "manageContents",
				"name": "manageContents",
				"Subchild": [
					{
						"id": "contentLibrary",
						"parentId": "content",
						"childParentId": "manageContents",
						"subChildParentId": "contentLibrary",
						"controlerId": "contentLibrary",
						"name": "contentLibrary",
						"subChildChildern": [],
						"Features": [
							"Content"
						],
						"Rights": [
							"Content_Library"
						],
						"RightOperator": "AND"
					},
					{
						"id": "scheduleDelivery",
						"controlerId": "downloadLibrary",
						"parentId": "content",
						"childParentId": "manageContents",
						"subChildParentId": "schedule",
						"name": "scheduleDelivery",
						"subChildChildern": [],
						"Features": [
							"Content"
						],
						"Rights": [
							"Content_Library",
							"Content_Schedule"
						],
						"RightOperator": "AND"
					},
					{
						"id": "contentJobStatusReport",
						"controlerId": "contentLibrary",
						"parentId": "content",
						"childParentId": "manageContents",
						"subChildParentId": "contentJobStatusReport",
						"name": "contentJobStatusReport",
						"subChildChildern": [],
						"Features": [
							"Content"
						],
						"Rights": [
							"Content_Library"
						],
						"RightOperator": "AND"
					},
					{
						"id": "contentDetailedStatusReport",
						"controlerId": "contentLibrary",
						"parentId": "content",
						"childParentId": "manageContents",
						"subChildParentId": "contentDetailedStatusReport",
						"name": "contentDetailedStatusReport",
						"subChildChildern": [],
						"Features": [
							"Content"
						],
						"Rights": [
							"Reports_Charts"
						],
						"RightOperator": "AND"
					}
				],
				"Features": [
					"Content"
				],
				"Rights": [
					"Content_Library",
					"Content_Schedule",
					"Reports_Charts"
				],
				"RightOperator": "OR"
			},
			{
				"id": "contentChart",
				"controlerId": "contentChart",
				"parentId": "content",
				"childParentId": "contentChart",
				"name": "contentChart",
				"Subchild": [
					{
						"id": "contentChartStatus",
						"controlerId": "contentChart",
						"parentId": "content",
						"childParentId": "contentChart",
						"subChildParentId": "contentChartStatus",
						"name": "contentChartStatus",
						"subChildChildern": [],
						"Features": [
							"Content"
						],
						"Rights": [
							"Reports_Charts"
						],
						"RightOperator": "AND"
					}
				],
				"Features": [
					"Content"
				],
				"Rights": [
					"Reports_Charts"
				],
				"RightOperator": "OR"
			}
		],
		"Features": [
			"Content"
		],
		"Rights": [
			"Content_Library",
			"Content_Schedule",
			"Reports_Charts"
		],
		"RightOperator": "OR"
	},
	{
		"id": "reports",
		"controlerId": "reports",
		"parentId": "reports",
		"name": "reports",
		"icon": "icon-report",
		"children": [
			{
				"id": "subscriptionList",
				"controlerId": "reports",
				"parentId": "reports",
				"childParentId": "subscriptionList",
				"name": "subscriptionList",
				"Subchild": [],
				"Features": [
					"Reports",
					"Notifications"
				],
				"Rights": [
					"Reports_Charts"
				],
				"RightOperator": "AND"
			}
		],
		"Features": [
			"Reports"
		],
		"Rights": [
			"Reports_Charts"
		],
		"RightOperator": "OR"
	},
	{
		"id": "administration",
		"controlerId": "administration",
		"parentId": "administration",
		"name": "administration",
		"icon": "icon-administrator",
		"children": [
			{
				"id": "userManagement",
				"controlerId": "administration",
				"parentId": "administration",
				"childParentId": "userManagement",
				"name": "userManagement",
				"Subchild": [
					{
						"id": "users",
						"controlerId": "administration",
						"parentId": "administration",
						"childParentId": "userManagement",
						"subChildParentId": "users",
						"name": "users",
						"subChildChildern": [],
						"Features": [
							"User"
						],
						"Rights": [
							"Roles_Users"
						],
						"RightOperator": "AND"
					},
					{
						"id": "roles",
						"controlerId": "administration",
						"parentId": "administration",
						"childParentId": "userManagement",
						"subChildParentId": "roles",
						"name": "roles",
						"subChildChildern": [],
						"Features": [
							"User"
						],
						"Rights": [
							"Roles_Users"
						],
						"RightOperator": "AND"
					},
					{
						"id": "security",
						"controlerId": "administration",
						"parentId": "administration",
						"childParentId": "userManagement",
						"subChildParentId": "security",
						"name": "security",
						"subChildChildern": [],
						"Features": [
							"User"
						],
						"Rights": [
							"Roles_Users"
						],
						"RightOperator": "AND"
					}
				],
				"Features": [
					"User"
				],
				"Rights": [
					"Roles_Users"
				],
				"RightOperator": "OR"
			},
			{
				"id": "estate",
				"controlerId": "administration",
				"parentId": "administration",
				"childParentId": "estate",
				"name": "estate",
				"Subchild": [
					{
						"id": "hierarchies",
						"controlerId": "administration",
						"parentId": "administration",
						"childParentId": "estate",
						"subChildParentId": "hierarchies",
						"name": "hierarchies",
						"subChildChildern": [],
						"Features": [
							"Hierarchy"
						],
						"Rights": [
							"Groups_Hierarchies"
						],
						"RightOperator": "AND"
					},
					{
						"id": "groupEstablishment",
						"controlerId": "administration",
						"parentId": "administration",
						"childParentId": "estate",
						"subChildParentId": "groupEstablishment",
						"name": "groupEstablishment",
						"subChildChildern": [],
						"Features": [
							"Group"
						],
						"Rights": [
							"Groups_Hierarchies"
						],
						"RightOperator": "AND"
					},
					{
						"id": "systemConfiguration",
						"controlerId": "administration",
						"parentId": "administration",
						"childParentId": "estate",
						"subChildParentId": "systemConfiguration",
						"name": "systemConfiguration",
						"subChildChildern": [],
						"Features": [
							"Any"
						],
						"Rights": [
							"System_Settings"
						],
						"RightOperator": "AND"
					},
					{
						"id": "ipRangesConfig",
						"controlerId": "administration",
						"parentId": "administration",
						"childParentId": "estate",
						"subChildParentId": "ipRangesConfig",
						"name": "ipRangesConfig",
						"subChildChildern": [],
						"Features": [
							"Security"
						],
						"Rights": [
							"System_Settings"
						],
						"RightOperator": "AND"
					},
					{
						"id": "deviceSubStatus",
						"controlerId": "administration",
						"parentId": "administration",
						"childParentId": "estate",
						"subChildParentId": "deviceSubStatus",
						"name": "deviceSubStatus",
						"subChildChildern": [],
						"Features": [
							"Device"
						],
						"Rights": [
							"Devices"
						],
						"RightOperator": "AND"
					}
				],
				"Features": [
					"Hierarchy",
					"Group",
					"Security",
					"Device"
				],
				"Rights": [
					"Devices",
					"Groups_Hierarchies",
					"System_Settings"
				],
				"RightOperator": "OR"
			},
			{
				"id": "auditReport",
				"controlerId": "administration",
				"parentId": "administration",
				"childParentId": "auditReport",
				"name": "auditReport",
				"Subchild": [],
				"Features": [
					"Security"
				],
				"Rights": [
					"Audit_Logs"
				],
				"RightOperator": "OR"
			},
			{
				"id": "adminalerts",
				"controlerId": "administration",
				"parentId": "administration",
				"childParentId": "adminalerts",
				"name": "adminalerts",
				"Subchild": [],
				"Features": [
					"BasicAlerts",
					"AdvanceAlerts"
				],
				"Rights": [
					"Alerts"
				],
				"RightOperator": "OR"
			},
			{
				"id": "contentconfig",
				"controlerId": "administration",
				"parentId": "administration",
				"childParentId": "contentconfig",
				"name": "contentconfig",
				"Subchild": [
					{
						"id": "standardFile",
						"controlerId": "administration",
						"parentId": "administration",
						"childParentId": "contentconfig",
						"subChildParentId": "standardFile",
						"name": "standardFile",
						"subChildChildern": [],
						"Features": [
							"Content"
						],
						"Rights": [
							"Content_Library"
						],
						"RightOperator": "AND"
					},
					{
						"id": "deviceLocation",
						"controlerId": "administration",
						"parentId": "administration",
						"childParentId": "contentconfig",
						"subChildParentId": "deviceLocation",
						"name": "deviceLocation",
						"subChildChildern": [],
						"Features": [
							"Content"
						],
						"Rights": [
							"Content_Library"
						],
						"RightOperator": "AND"
					},
					{
						"id": "tags",
						"controlerId": "administration",
						"parentId": "administration",
						"childParentId": "contentconfig",
						"subChildParentId": "tags",
						"name": "tags",
						"subChildChildern": [],
						"Features": [
							"Manual Downloads",
							"Auto Downloads"
						],
						"Rights": [
							"Download_Library",
							"Content_Library"
						],
						"RightOperator": "AND"
					}
				],
				"Features": [
					"Manual Downloads",
					"Content"
				],
				"Rights": [
					"Download_Library",
					"Content_Library"
				],
				"RightOperator": "OR"
			},
			{
				"id": "keyManagement",
				"controlerId": "administration",
				"parentId": "administration",
				"childParentId": "keyManagement",
				"name": "keyManagement",
				"Subchild": [
					{
						"id": "sponsors",
						"controlerId": "administration",
						"parentId": "administration",
						"childParentId": "keyManagement",
						"subChildParentId": "sponsors",
						"name": "sponsors",
						"subChildChildern": [],
						"Features": [
							"Online Key"
						],
						"Rights": [
							"Sponsor"
						],
						"RightOperator": "AND"
					},
					{
						"id": "keyHandles",
						"controlerId": "administration",
						"parentId": "administration",
						"childParentId": "keyManagement",
						"subChildParentId": "keyHandles",
						"name": "keyHandles",
						"subChildChildern": [],
						"Features": [
							"Online Key"
						],
						"Rights": [
							"Key_Handle"
						],
						"RightOperator": "AND"
					}
				],
				"Features": [
					"Online Key"
				],
				"Rights": [
					"Sponsor",
					"Key_Handle"
				],
				"RightOperator": "OR"
			},
			{
				"id": "licenseDetails",
				"controlerId": "administration",
				"parentId": "administration",
				"childParentId": "licenseDetails",
				"name": "licenseDetails",
				"Subchild": [],
				"Features": [
					"Any"
				],
				"Rights": [
					"Basic_Access"
				],
				"RightOperator": "OR"
			}
		],
		"Features": [
			"Hierarchy",
			"Group",
			"Security",
			"Device",
			"User",
			"BasicAlerts",
			"AdvanceAlerts",
			"Manual Downloads",
			"Content",
			"Online Key"
		],
		"Rights": [
			"Basic_Access",
			"Roles_Users",
			"Devices",
			"System_Settings",
			"Groups_Hierarchies",
			"Audit_Logs",
			"Alerts",
			"Download_Library",
			"Content_Library",
			"Sponsor",
			"Key_Handle"
		],
		"RightOperator": "OR"
	}
]