﻿<?xml version="1.0" encoding="UTF-8"?>
<VHQData Version="3.11.21">
   <ApplicationTemplates>
      <Application Name="Application_1" Version="1.0">
         <ParameterTemplates>
            <ParameterTemplate Name="App1PT1" Operation="A" Description="App1PT1 description">
               <Parameters>
                  <Parameter Name="ContainerA/param1" Value="2" />
                  <Parameter Name="ContainerA/param2" Value="Hello" />
                  <Parameter Name="ContainerA/param3" Value="0" />
                  <Parameter Name="ContainerA/param4" Value="6" />
                  <Parameter Name="ContainerA/param5" Value="1" />
                  <Parameter Name="ContainerB/param1" Value="1" />
                  <Parameter Name="ContainerB/param2" Value="3" />
                  <Parameter Name="ContainerB/param3" Value="826" />
                  <Parameter Name="ContainerB/param4" Value="300" />
                  <Parameter Name="ContainerB/param5" Value="827ccb0eea8a706c4c34a16891f84e7b" />
                  <Parameter Name="ContainerC/param1" Value="10" />
                  <Parameter Name="ContainerC/param2" Value="2" />
                  <Parameter Name="ContainerC/param3" Value="" />
                  <Parameter Name="ContainerC/param4" Value="0" />
                  <Parameter Name="ContainerC/param5" Value="" />
               </Parameters>
            </ParameterTemplate>
            <ParameterTemplate Name="App1PT2" Operation="U" Description="App1PT2 description">
               <Parameters>
                  <Parameter Name="ContainerA/param1" Value="4" />
                  <Parameter Name="ContainerA/param2" Value="Hi" />
                  <Parameter Name="ContainerA/param3" Value="1" />
                  <Parameter Name="ContainerB/param4" Value="360" />
                  <Parameter Name="ContainerB/param5" Value="848ccb0eea8a76c4c34a169841f84e5c" />
               </Parameters>
            </ParameterTemplate>
         </ParameterTemplates>
      </Application>
      <Application Name="Application_2" Version="2.1">
         <ParameterTemplates>
            <ParameterTemplate Name="App2PT2" Operation="UA" Description="App2PT2 description">
               <Parameters>
                  <Parameter Name="ContainerA.1/param1" Value="1" />
                  <Parameter Name="ContainerA.1/param2" Value="1" />
                  <Parameter Name="ContainerA.1/param3" Value="Value1" />
                  <Parameter Name="ContainerA.1/param4" Value="phone number" />
                  <Parameter Name="ContainerA.1/param5" Value="Address" />
                  <Parameter Name="ContainerA.1/ContainerB.1/param1" Value="1" />
                  <Parameter Name="ContainerA.1/ContainerB.1/param2" Value="Value2" />
                  <Parameter Name="ContainerA.1/ContainerB.1/param3" Value="1" />
                  <Parameter Name="ContainerA.1/ContainerB.1/param4" Value="1" />
                  <Parameter Name="ContainerA.1/ContainerB.1/param5" Value="1" />
                  <Parameter Name="ContainerA.1/ContainerB.1/ContainerC.1/param1" Value="1" />
                  <Parameter Name="ContainerA.1/ContainerB.1/ContainerC.1/param2" Value="Value3" />
                  <Parameter Name="ContainerA.1/ContainerB.1/ContainerC.1/param3" Value="1" />
                  <Parameter Name="ContainerA.1/ContainerB.1/ContainerC.1/ContainerD.1/param1" Value="1" />
                  <Parameter Name="ContainerA.1/ContainerB.1/ContainerC.1/ContainerD.1/param2" Value="Value4" />
                  <Parameter Name="ContainerA.1/ContainerB.1/ContainerC.1/ContainerD.1/param3" Value="13,16,19" />
                  <Parameter Name="ContainerA.1/ContainerB.1/ContainerC.1/ContainerD.1/param4" Value="1" />
                  <Parameter Name="ContainerA.1/ContainerB.1/ContainerC.1/ContainerD.1/param5" Value="15" />
                  <Parameter Name="ContainerA.1/ContainerB.1/ContainerC.1/ContainerD.1/ContainerE/param1" Value="1" />
                  <Parameter Name="ContainerA.1/ContainerB.1/ContainerC.1/ContainerD.1/ContainerE/param2" Value="1" />
                  <Parameter Name="ContainerA.1/ContainerB.1/ContainerC.1/ContainerD.1/ContainerE/param3" Value="547226" />
                  <Parameter Name="ContainerA.1/ContainerB.1/ContainerC.1/ContainerD.1/ContainerE/param4" Value="547226" />
                  <Parameter Name="ContainerA.1/ContainerB.1/ContainerC.1/ContainerD.1/ContainerE/param5" Value="1" />
                  <Parameter Name="ContainerA.2/param1" Value="1" />
                  <Parameter Name="ContainerA.2/param2" Value="1" />
                  <Parameter Name="ContainerA.2/param3" Value="Address2" />
                  <Parameter Name="ContainerA.3/param1" Value="street" />
                  <Parameter Name="ContainerA.3/param2" Value="1" />
                  <Parameter Name="ContainerA.3/param3" Value="" />
                  <Parameter Name="ContainerA.3/param4" Value="phone number" />
               </Parameters>
            </ParameterTemplate>
         </ParameterTemplates>
      </Application>
      <Application Name="Application_3" Version="1.1">
         <ParameterTemplates>
            <ParameterTemplate Name="App2PT1" Operation="D" Description="App2PT1 description">
               <Parameters>
                  <Parameter Name="ContainerA/param2" Value="4" />
                  <Parameter Name="ContainerA/param4" Value="Hi" />
                  <Parameter Name="ContainerA/param5" Value="1" />
                  <Parameter Name="ContainerB/param1" Value="360" />
                  <Parameter Name="ContainerB/param3" Value="848ccb0eea8a76c4c34a169841f84e5c" />
               </Parameters>
            </ParameterTemplate>
            <ParameterTemplate Name="App2PT2" Operation="UA" Description="App2PT2 description">
               <Parameters>
                  <Parameter Name="ContainerA/param1" Value="4" />
                  <Parameter Name="ContainerA/param2" Value="Hi" />
                  <Parameter Name="ContainerA/param3" Value="1" />
                  <Parameter Name="ContainerB/param4" Value="360" />
                  <Parameter Name="ContainerB/param5" Value="848ccb0eea8a76c4c34a169841f84e5c" />
               </Parameters>
            </ParameterTemplate>
         </ParameterTemplates>
      </Application>
   </ApplicationTemplates>
</VHQData>